timeStamp,elapsed,label,responseCode,responseMessage,threadName,dataType,success,failureMessage,bytes,sentBytes,grpThreads,allThreads,URL,Latency,IdleTime,Connect
1743939075654,886,/user/search-4,404,,Thread Group 1-1,text,false,,174,238,1,1,http://localhost:8080/user/search?first_name=Во&last_name=Мк,886,0,4
1743939076542,557,/user/search-4,200,,Thread Group 1-1,text,true,,12477,238,1,1,http://localhost:8080/user/search?first_name=Ко&last_name=Ег,556,0,0
1743939077100,518,/user/search-4,404,,Thread Group 1-1,text,false,,174,238,1,1,http://localhost:8080/user/search?first_name=Жг&last_name=На,518,0,0
1743939077619,511,/user/search-4,404,,Thread Group 1-1,text,false,,174,238,1,1,http://localhost:8080/user/search?first_name=Ес&last_name=Вр,511,0,0
1743939078131,512,/user/search-4,404,,Thread Group 1-1,text,false,,174,238,1,1,http://localhost:8080/user/search?first_name=На&last_name=Вг,512,0,0
1743939078643,533,/user/search-4,404,,Thread Group 1-1,text,false,,174,238,1,1,http://localhost:8080/user/search?first_name=Вк&last_name=Аж,533,0,0
1743939079177,656,/user/search-4,404,,Thread Group 1-1,text,false,,174,238,1,1,http://localhost:8080/user/search?first_name=Ео&last_name=Бо,656,0,0
1743939079834,590,/user/search-4,404,,Thread Group 1-1,text,false,,174,238,1,1,http://localhost:8080/user/search?first_name=Ни&last_name=Мг,590,0,0
1743939080426,518,/user/search-4,404,,Thread Group 1-1,text,false,,174,238,1,1,http://localhost:8080/user/search?first_name=Еп&last_name=Нз,518,0,0
1743939080945,526,/user/search-4,200,,Thread Group 1-1,text,true,,2859,238,1,1,http://localhost:8080/user/search?first_name=Ил&last_name=Жд,525,0,0
1743939081473,509,/user/search-4,404,,Thread Group 1-1,text,false,,174,238,1,1,http://localhost:8080/user/search?first_name=Ке&last_name=Ир,509,0,0
1743939081983,506,/user/search-4,404,,Thread Group 1-1,text,false,,174,238,1,1,http://localhost:8080/user/search?first_name=Гл&last_name=Вм,506,0,0
1743939082489,506,/user/search-4,404,,Thread Group 1-1,text,false,,174,238,1,1,http://localhost:8080/user/search?first_name=Вк&last_name=Ли,506,0,0
1743939082996,509,/user/search-4,404,,Thread Group 1-1,text,false,,174,238,1,1,http://localhost:8080/user/search?first_name=Жа&last_name=Гв,508,0,0
1743939083505,512,/user/search-4,404,,Thread Group 1-1,text,false,,174,238,1,1,http://localhost:8080/user/search?first_name=Ки&last_name=Зк,512,0,0
1743939084018,507,/user/search-4,404,,Thread Group 1-1,text,false,,174,238,1,1,http://localhost:8080/user/search?first_name=Кн&last_name=Ге,507,0,0
1743939084525,512,/user/search-4,404,,Thread Group 1-1,text,false,,174,238,1,1,http://localhost:8080/user/search?first_name=Мт&last_name=Нд,512,0,0
1743939085037,552,/user/search-4,404,,Thread Group 1-1,text,false,,174,238,1,1,http://localhost:8080/user/search?first_name=Жр&last_name=Мк,552,0,0
1743939085590,635,/user/search-4,404,,Thread Group 1-1,text,false,,174,238,1,1,http://localhost:8080/user/search?first_name=Ав&last_name=Лм,635,0,0
1743939086227,562,/user/search-4,404,,Thread Group 1-1,text,false,,174,238,1,1,http://localhost:8080/user/search?first_name=Аж&last_name=Лд,562,0,0
1743939086791,581,/user/search-4,404,,Thread Group 1-1,text,false,,174,238,1,1,http://localhost:8080/user/search?first_name=Жв&last_name=Бр,581,0,0
1743939087374,520,/user/search-4,404,,Thread Group 1-1,text,false,,174,238,1,1,http://localhost:8080/user/search?first_name=Еб&last_name=Ен,520,0,0
1743939087895,514,/user/search-4,404,,Thread Group 1-1,text,false,,174,238,1,1,http://localhost:8080/user/search?first_name=Жг&last_name=Вр,514,0,0
1743939088410,511,/user/search-4,404,,Thread Group 1-1,text,false,,174,238,1,1,http://localhost:8080/user/search?first_name=Бж&last_name=Гк,511,0,0
1743939088923,510,/user/search-4,404,,Thread Group 1-1,text,false,,174,238,1,1,http://localhost:8080/user/search?first_name=Зе&last_name=Лл,509,0,0
1743939089434,507,/user/search-4,404,,Thread Group 1-1,text,false,,174,238,1,1,http://localhost:8080/user/search?first_name=Нр&last_name=Ад,507,0,0
1743939089941,514,/user/search-4,404,,Thread Group 1-1,text,false,,174,238,1,1,http://localhost:8080/user/search?first_name=Бк&last_name=Бл,514,0,0
1743939090456,507,/user/search-4,404,,Thread Group 1-1,text,false,,174,238,1,1,http://localhost:8080/user/search?first_name=Кб&last_name=Зд,507,0,0
1743939090964,511,/user/search-4,404,,Thread Group 1-1,text,false,,174,238,1,1,http://localhost:8080/user/search?first_name=Ив&last_name=Ек,511,0,0
1743939091475,510,/user/search-4,404,,Thread Group 1-1,text,false,,174,238,1,1,http://localhost:8080/user/search?first_name=Нб&last_name=Жж,509,0,0
1743939091985,507,/user/search-4,404,,Thread Group 1-1,text,false,,174,238,1,1,http://localhost:8080/user/search?first_name=Ме&last_name=Бс,507,0,0
1743939092493,506,/user/search-4,404,,Thread Group 1-1,text,false,,174,238,1,1,http://localhost:8080/user/search?first_name=Лк&last_name=Лз,506,0,0
1743939093000,513,/user/search-4,404,,Thread Group 1-1,text,false,,174,238,1,1,http://localhost:8080/user/search?first_name=Бл&last_name=Лд,513,0,0
1743939093514,534,/user/search-4,404,,Thread Group 1-1,text,false,,174,238,1,1,http://localhost:8080/user/search?first_name=Ем&last_name=Нр,534,0,0
1743939094049,530,/user/search-4,404,,Thread Group 1-1,text,false,,174,238,1,1,http://localhost:8080/user/search?first_name=Мд&last_name=Дв,530,0,0
1743939094580,586,/user/search-4,404,,Thread Group 1-1,text,false,,174,238,1,1,http://localhost:8080/user/search?first_name=Гб&last_name=Мв,586,0,0
1743939095167,567,/user/search-4,404,,Thread Group 1-1,text,false,,174,238,1,1,http://localhost:8080/user/search?first_name=Ла&last_name=Нс,567,0,0
1743939095737,550,/user/search-4,404,,Thread Group 1-1,text,false,,174,238,1,1,http://localhost:8080/user/search?first_name=Вб&last_name=Дп,550,0,0
1743939096288,550,/user/search-4,404,,Thread Group 1-1,text,false,,174,238,1,1,http://localhost:8080/user/search?first_name=Ид&last_name=Вж,550,0,0
1743939096839,546,/user/search-4,404,,Thread Group 1-1,text,false,,174,238,1,1,http://localhost:8080/user/search?first_name=Нс&last_name=Лд,546,0,0
1743939097387,521,/user/search-4,200,,Thread Group 1-1,text,true,,1163,238,1,1,http://localhost:8080/user/search?first_name=Ег&last_name=Зл,520,0,0
1743939097908,588,/user/search-4,404,,Thread Group 1-1,text,false,,174,238,1,1,http://localhost:8080/user/search?first_name=Мн&last_name=Лт,588,0,0
1743939098498,577,/user/search-4,404,,Thread Group 1-1,text,false,,174,238,1,1,http://localhost:8080/user/search?first_name=Ер&last_name=Ве,577,0,0
1743939099076,665,/user/search-4,200,,Thread Group 1-1,text,true,,55328,238,1,1,http://localhost:8080/user/search?first_name=Вл&last_name=Го,664,0,0
1743939099744,612,/user/search-4,404,,Thread Group 1-1,text,false,,174,238,1,1,http://localhost:8080/user/search?first_name=Бб&last_name=Вж,612,0,0
1743939100357,527,/user/search-4,404,,Thread Group 1-1,text,false,,174,238,1,1,http://localhost:8080/user/search?first_name=Ба&last_name=Зз,527,0,0
1743939100884,522,/user/search-4,404,,Thread Group 1-1,text,false,,174,238,1,1,http://localhost:8080/user/search?first_name=Кн&last_name=Ам,521,0,0
1743939101406,526,/user/search-4,404,,Thread Group 1-1,text,false,,174,238,1,1,http://localhost:8080/user/search?first_name=Км&last_name=Бо,526,0,0
1743939101932,516,/user/search-4,404,,Thread Group 1-1,text,false,,174,238,1,1,http://localhost:8080/user/search?first_name=Дз&last_name=Зз,515,0,0
1743939102448,605,/user/search-4,200,,Thread Group 1-1,text,true,,57873,238,1,1,http://localhost:8080/user/search?first_name=Ел&last_name=Гр,602,0,0
1743939103054,699,/user/search-4,404,,Thread Group 1-1,text,false,,174,238,1,1,http://localhost:8080/user/search?first_name=Гм&last_name=Гл,699,0,0
1743939103755,597,/user/search-4,404,,Thread Group 1-1,text,false,,174,238,1,1,http://localhost:8080/user/search?first_name=Бр&last_name=Дв,597,0,0
1743939104353,530,/user/search-4,404,,Thread Group 1-1,text,false,,174,238,1,1,http://localhost:8080/user/search?first_name=Гв&last_name=Ед,530,0,0
1743939104884,551,/user/search-4,404,,Thread Group 1-1,text,false,,174,238,1,1,http://localhost:8080/user/search?first_name=Лг&last_name=Нс,550,0,0
1743939105435,515,/user/search-4,404,,Thread Group 1-1,text,false,,174,238,1,1,http://localhost:8080/user/search?first_name=Ит&last_name=Гв,515,0,0
